Online Subscriptions,2016,10,-5000.0
Inflow: Ready to Assign,2016,10,0.0
Uncategorized,2016,10,0.0
Housing,2016,11,-1348480.0
Online Subscriptions,2016,11,-45000.0
Reimbursements,2016,11,177830.0
Inflow: Ready to Assign,2016,11,55710330.0
Household Goods,2016,11,-300550.0
Groceries,2016,11,-245980.0
Dates,2016,11,-84160.0
Transportation,2016,11,-12720.0
Utilities,2016,11,-135540.0
Vacation,2016,11,-557960.0
Eating Out,2016,11,-54360.0
Internet,2016,11,-60000.0
Uncategorized,2016,11,0.0
Charitable,2016,11,-500000.0
Housing,2016,12,-1348750.0
Reimbursements,2016,12,-56650.0
Online Subscriptions,2016,12,-5000.0
Inflow: Ready to Assign,2016,12,12104740.0
Uncategorized,2016,12,30969770.0
Vacation,2016,12,-225410.0
Household Goods,2016,12,-54240.0
Transportation,2016,12,-97610.0
Dates,2016,12,-31140.0
Eating Out,2016,12,-133350.0
Groceries,2016,12,-48110.0
Gifts,2016,12,-160640.0
Clothes & Grooming ,2016,12,-432960.0
All savings,2016,12,-30646160.0
Fitness,2016,12,-55900.0
Eating Out,2017,1,-180300.0
Inflow: Ready to Assign,2017,1,5456670.0
Utilities,2017,1,-80660.0
Transportation,2017,1,-44610.0
Dates,2017,1,-95200.0
Internet,2017,1,-30000.0
Online Subscriptions,2017,1,-60000.0
Housing,2017,1,-1348480.0
Uncategorized,2017,1,292000.0
Reimbursements,2017,1,-25000.0
Leisure,2017,1,-99450.0
Household Goods,2017,1,-44150.0
Groceries,2017,1,-191710.0
Vacation,2017,1,-536910.0
Fitness,2017,1,-55900.0
Dentistry and Orthodonty,2017,1,-290400.0
Clothes & Grooming ,2017,1,-240900.0
Inflow: Ready to Assign,2017,2,4882190.0
Housing,2017,2,-1348480.0
Uncategorized,2017,2,2230.0
Internet,2017,2,-30000.0
Online Subscriptions,2017,2,-66940.0
Dates,2017,2,-321170.0
Eating Out,2017,2,-60760.0
Groceries,2017,2,-184390.0
Gifts,2017,2,-565850.0
Household Goods,2017,2,-162940.0
Clothes & Grooming ,2017,2,-127440.0
Fitness,2017,2,-55900.0
Transportation,2017,2,-15230.0
Utilities,2017,3,-89480.0
Primary Care,2017,3,-10000.0
Transportation,2017,3,-18080.0
Housing,2017,3,-1348480.0
Online Subscriptions,2017,3,-10000.0
Household Goods,2017,3,-94380.0
Eating Out,2017,3,-111590.0
Groceries,2017,3,-145040.0
Gifts,2017,3,-30960.0
Uncategorized,2017,3,14499640.0
Internet,2017,3,-30000.0
Inflow: Ready to Assign,2017,3,5957710.0
All savings,2017,3,-10083920.0
Drugs and Medication,2017,3,-43620.0
Fitness,2017,3,-55900.0
Dates,2017,3,-104830.0
Vacation,2017,3,-385400.0
Taxes,2017,3,3251000.0
Leisure,2017,3,-6990.0
Online Subscriptions,2017,4,-11000.0
Gifts,2017,4,-100630.0
Clothes & Grooming ,2017,4,-37110.0
Transportation,2017,4,-63570.0
Groceries,2017,4,-157430.0
Dates,2017,4,-59540.0
Eating Out,2017,4,-219710.0
Housing,2017,4,-1348480.0
Internet,2017,4,-30000.0
Uncategorized,2017,4,7002620.0
Inflow: Ready to Assign,2017,4,1445960.0
Utilities,2017,4,-165680.0
Fitness,2017,4,-56150.0
Primary Care,2017,4,-10000.0
Leisure,2017,4,-16970.0
Household Goods,2017,4,-6990.0
Reimbursements,2017,4,-25000.0
All savings,2017,4,-3500000.0
Drugs and Medication,2017,4,-10450.0
Uncategorized,2017,5,660.0
Utilities,2017,5,-107160.0
Eating Out,2017,5,-196740.0
Online Subscriptions,2017,5,-11000.0
Housing,2017,5,-1348480.0
Groceries,2017,5,-115200.0
Inflow: Ready to Assign,2017,5,5372570.0
Transportation,2017,5,-32840.0
Internet,2017,5,-30000.0
Dates,2017,5,-128370.0
Fitness,2017,5,-56150.0
Household Goods,2017,5,-138860.0
Clothes & Grooming ,2017,5,-63870.0
Split,2017,5,-84860.0
Gifts,2017,5,-20000.0
Leisure,2017,5,-6990.0
Drugs and Medication,2017,5,-28560.0
Primary Care,2017,5,-10000.0
Uncategorized,2017,6,13035810.0
Utilities,2017,6,-78000.0
Leisure,2017,6,-58990.0
Internet,2017,6,-30000.0
Online Subscriptions,2017,6,-5000.0
Inflow: Ready to Assign,2017,6,19910890.0
Transportation,2017,6,-39520.0
Eating Out,2017,6,-200330.0
Vacation,2017,6,-499800.0
Household Goods,2017,6,-43060.0
Housing,2017,6,-1347500.0
Dates,2017,6,-140940.0
Drugs and Medication,2017,6,-35150.0
Groceries,2017,6,-140890.0
Fitness,2017,6,-56150.0
Gifts,2017,6,-20000.0
All savings,2017,6,-11649060.0
Specialist Care,2017,6,-442000.0
Eating Out,2017,7,-200880.0
Drugs and Medication,2017,7,-5640.0
Utilities,2017,7,-58090.0
Leisure,2017,7,-51230.0
Transportation,2017,7,-32930.0
Online Subscriptions,2017,7,-24500.0
Uncategorized,2017,7,50.0
Housing,2017,7,-1347500.0
Groceries,2017,7,-129720.0
Primary Care,2017,7,-14440.0
Fitness,2017,7,-56150.0
Electricity,2017,7,-54260.0
Inflow: Ready to Assign,2017,7,6605700.0
Household Goods,2017,7,-17600.0
Dates,2017,7,-301000.0
Gifts,2017,7,-20000.0
Utilities,2017,8,-64460.0
Eating Out,2017,8,-292960.0
Online Subscriptions,2017,8,-20250.0
Housing,2017,8,-1257500.0
Internet,2017,8,-30000.0
All savings,2017,8,-9489910.0
Uncategorized,2017,8,9489970.0
Dates,2017,8,-191070.0
Groceries,2017,8,-88230.0
Clothes & Grooming ,2017,8,-36000.0
Inflow: Ready to Assign,2017,8,6382180.0
Household Goods,2017,8,-17000.0
Fitness,2017,8,-56150.0
Primary Care,2017,8,-110000.0
Leisure,2017,8,-6990.0
Transportation,2017,8,-4470.0
Uncategorized,2017,9,5317640.0
Utilities,2017,9,-57700.0
Household Goods,2017,9,-229640.0
Online Subscriptions,2017,9,-30000.0
Vacation,2017,9,-1099210.0
Dates,2017,9,-236410.0
Groceries,2017,9,-134770.0
Eating Out,2017,9,-340680.0
Transportation,2017,9,-39260.0
Leisure,2017,9,-69890.0
Internet,2017,9,-30000.0
Housing,2017,9,-6094160.0
Electricity,2017,9,-39820.0
Inflow: Ready to Assign,2017,9,10294960.0
Gifts,2017,9,-381130.0
Fitness,2017,9,-56150.0
Dentistry and Orthodonty,2017,9,-125000.0
Drugs and Medication,2017,9,-37060.0
All savings,2017,9,-3267020.0
Uncategorized,2017,10,110.0
Household Goods,2017,10,-652710.0
Internet,2017,10,-53230.0
Transportation,2017,10,-43760.0
Dates,2017,10,-168920.0
Leisure,2017,10,-33080.0
Online Subscriptions,2017,10,-11000.0
Vacation,2017,10,-845060.0
Gifts,2017,10,-274500.0
Housing,2017,10,-1708240.0
Primary Care,2017,10,-10000.0
Eating Out,2017,10,-200600.0
Inflow: Ready to Assign,2017,10,5837920.0
Groceries,2017,10,-139900.0
Reimbursements,2017,10,-350000.0
Fitness,2017,10,-56150.0
Online Subscriptions,2017,11,-134760.0
Inflow: Ready to Assign,2017,11,50166450.0
Clothes & Grooming ,2017,11,-32320.0
Eating Out,2017,11,-277890.0
Drugs and Medication,2017,11,-2770.0
Groceries,2017,11,-130210.0
Household Goods,2017,11,-574740.0
Uncategorized,2017,11,5011160.0
Reimbursements,2017,11,0.0
Dates,2017,11,-170440.0
Housing,2017,11,-825000.0
All savings,2017,11,-5000000.0
Transportation,2017,11,-9530.0
Utilities,2017,12,-60000.0
Online Subscriptions,2017,12,-70530.0
Inflow: Ready to Assign,2017,12,9769370.0
Eating Out,2017,12,-81680.0
Groceries,2017,12,-225370.0
Transportation,2017,12,-65330.0
Household Goods,2017,12,-19950.0
Dates,2017,12,-59920.0
Electricity,2017,12,-23540.0
Leisure,2017,12,-26540.0
Uncategorized,2017,12,2253690.0
Housing,2017,12,-1475000.0
Gifts,2017,12,-354460.0
Charitable,2017,12,-30000.0
Reimbursements,2017,12,857130.0
Inflow: Ready to Assign,2018,1,9325230.0
Groceries,2018,1,-140080.0
Eating Out,2018,1,-154920.0
Online Subscriptions,2018,1,-66060.0
All savings,2018,1,-9500000.0
Uncategorized,2018,1,9511690.0
Dates,2018,1,-188080.0
Leisure,2018,1,-20340.0
Transportation,2018,1,-54920.0
Household Goods,2018,1,-53880.0
Electricity,2018,1,-46450.0
Housing,2018,1,-1475000.0
Gifts,2018,1,-1344020.0
Charitable,2018,1,-30000.0
Utilities,2018,1,-30000.0
Eating Out,2018,2,-136240.0
Online Subscriptions,2018,2,-17000.0
Dates,2018,2,-63710.0
Transportation,2018,2,-20440.0
Uncategorized,2018,2,3018960.0
Primary Care,2018,2,-10000.0
Inflow: Ready to Assign,2018,2,17578090.0
Housing,2018,2,-1475000.0
Gifts,2018,2,-148290.0
Groceries,2018,2,-62040.0
Drugs and Medication,2018,2,-15540.0
Leisure,2018,2,-60000.0
Charitable,2018,2,-30000.0
All savings,2018,2,-3000000.0
Utilities,2018,2,-30000.0
Inflow: Ready to Assign,2018,3,12576410.0
Online Subscriptions,2018,3,-106000.0
Clothes & Grooming ,2018,3,-18000.0
Eating Out,2018,3,-238480.0
Dates,2018,3,-20820.0
Groceries,2018,3,-459550.0
Household Goods,2018,3,-79810.0
Uncategorized,2018,3,8704860.0
Gifts,2018,3,-26060.0
Drugs and Medication,2018,3,-23200.0
Housing,2018,3,-1475000.0
Leisure,2018,3,-9990.0
Charitable,2018,3,-30000.0
Taxes,2018,3,404000.0
All savings,2018,3,-7710280.0
Gifts,2018,4,-113000.0
Groceries,2018,4,-161600.0
Online Subscriptions,2018,4,-289370.0
Internet,2018,4,-60000.0
Eating Out,2018,4,-348480.0
Leisure,2018,4,-3290.0
Household Goods,2018,4,-192390.0
Inflow: Ready to Assign,2018,4,8379530.0
Uncategorized,2018,4,9844510.0
Drugs and Medication,2018,4,-6980.0
Transportation,2018,4,-40080.0
Housing,2018,4,-1475000.0
All savings,2018,4,-9822390.0
Specialist Care,2018,4,-10000.0
Electricity,2018,4,-5430.0
Charitable,2018,4,-60000.0
Online Subscriptions,2018,5,-5000.0
Groceries,2018,5,-145090.0
Eating Out,2018,5,-213940.0
Inflow: Ready to Assign,2018,5,22485570.0
Vacation,2018,5,-266000.0
Dates,2018,5,-383450.0
Leisure,2018,5,-68120.0
Drugs and Medication,2018,5,-25780.0
Transportation,2018,5,-71320.0
Specialist Care,2018,5,-10000.0
Uncategorized,2018,5,21780.0
Electricity,2018,5,-10640.0
Housing,2018,5,-1475000.0
Clothes & Grooming ,2018,5,-18000.0
Charitable,2018,5,-60000.0
Household Goods,2018,5,-20190.0
Internet,2018,6,-30000.0
Eating Out,2018,6,-212220.0
Gifts,2018,6,-30820.0
Online Subscriptions,2018,6,-18470.0
Inflow: Ready to Assign,2018,6,12665600.0
Groceries,2018,6,-288210.0
Dates,2018,6,-181740.0
All savings,2018,6,12536100.0
Vacation,2018,6,-777460.0
Leisure,2018,6,-138890.0
Uncategorized,2018,6,-3572960.0
Utilities,2018,6,-66000.0
Housing,2018,6,-1475000.0
Electricity,2018,6,-9620.0
Drugs and Medication,2018,6,-19460.0
Charitable,2018,6,-60000.0
Transportation,2018,6,-21550.0
Groceries,2018,7,-297160.0
Leisure,2018,7,-46790.0
Online Subscriptions,2018,7,-11000.0
Internet,2018,7,-60000.0
Drugs and Medication,2018,7,-28320.0
Dates,2018,7,-167470.0
Uncategorized,2018,7,49199700.0
Vacation,2018,7,-349980.0
Specialist Care,2018,7,-10000.0
Transportation,2018,7,-63960.0
All savings,2018,7,-37814510.0
Eating Out,2018,7,-191680.0
Housing,2018,7,-1475000.0
Optometry and Vision,2018,7,-10000.0
Inflow: Ready to Assign,2018,7,-1978020.0
Electricity,2018,7,-10410.0
Charitable,2018,7,-60000.0
Clothes & Grooming ,2018,7,-15000.0
Household Goods,2018,7,-13980.0
Split,2018,7,-580000.0
Uncategorized,2018,8,-13199010.0
Online Subscriptions,2018,8,-32770.0
Inflow: Ready to Assign,2018,8,21149440.0
Drugs and Medication,2018,8,-72330.0
Leisure,2018,8,-17990.0
Eating Out,2018,8,-192010.0
Dates,2018,8,-105680.0
Groceries,2018,8,-153280.0
Transportation,2018,8,-16390.0
All savings,2018,8,13500080.0
Electricity,2018,8,-10920.0
Housing,2018,8,-1475000.0
Household Goods,2018,8,-192440.0
Charitable,2018,8,-60000.0
Gifts,2018,8,-8810.0
Online Subscriptions,2018,9,-138240.0
Uncategorized,2018,9,28974710.0
Groceries,2018,9,-183600.0
Internet,2018,9,-30000.0
Eating Out,2018,9,-191650.0
Inflow: Ready to Assign,2018,9,8657560.0
Household Goods,2018,9,-8250.0
Drugs and Medication,2018,9,-29760.0
Dates,2018,9,-1180.0
Specialist Care,2018,9,-220000.0
Housing,2018,9,-1475000.0
Primary Care,2018,9,-10000.0
Gifts,2018,9,-492230.0
Charitable,2018,9,-60000.0
Leisure,2018,9,-196600.0
Electricity,2018,9,-11500.0
Vacation,2018,9,-372870.0
Transportation,2018,9,-22020.0
All savings,2018,9,-21812260.0
Inflow: Ready to Assign,2018,10,7012800.0
Uncategorized,2018,10,-433740.0
Internet,2018,10,-30980.0
Online Subscriptions,2018,10,-11000.0
Eating Out,2018,10,-98960.0
Vacation,2018,10,-1016710.0
Drugs and Medication,2018,10,-7880.0
Groceries,2018,10,-243430.0
Specialist Care,2018,10,-2335000.0
Housing,2018,10,-1559500.0
Household Goods,2018,10,-22190.0
Electricity,2018,10,-10060.0
Primary Care,2018,10,-10000.0
Transportation,2018,10,-75510.0
All savings,2018,10,70.0
Charitable,2018,10,-60000.0
Dates,2018,10,-30360.0
Internet,2018,11,-30980.0
Uncategorized,2018,11,11913760.0
Dates,2018,11,-49440.0
Transportation,2018,11,-30740.0
Online Subscriptions,2018,11,-11000.0
Groceries,2018,11,-158120.0
Drugs and Medication,2018,11,-32650.0
Eating Out,2018,11,-132020.0
Inflow: Ready to Assign,2018,11,17990140.0
Leisure,2018,11,-66510.0
Clothes & Grooming ,2018,11,-44520.0
Housing,2018,11,-1475000.0
Charitable,2018,11,-205000.0
All savings,2018,11,-30000000.0
Vacation,2018,11,-28170.0
Household Goods,2018,11,-115000.0
Dentistry and Orthodonty,2018,11,-1000000.0
Electricity,2018,11,-10240.0
Groceries,2018,12,-114040.0
Internet,2018,12,-30980.0
Eating Out,2018,12,-127220.0
Online Subscriptions,2018,12,-25300.0
Clothes & Grooming ,2018,12,-132090.0
Household Goods,2018,12,-135560.0
Uncategorized,2018,12,16448180.0
Inflow: Ready to Assign,2018,12,6113130.0
Transportation,2018,12,-15850.0
Gifts,2018,12,-199760.0
Specialist Care,2018,12,1000000.0
Vacation,2018,12,-743780.0
Drugs and Medication,2018,12,-5000.0
Housing,2018,12,-1475000.0
Dates,2018,12,-27500.0
Dentistry and Orthodonty,2018,12,1209600.0
Leisure,2018,12,-46000.0
Charitable,2018,12,-60000.0
All savings,2018,12,-26304410.0
Electricity,2018,12,-12140.0
Uncategorized,2019,1,-391210.0
Internet,2019,1,-30980.0
Vacation,2019,1,-364390.0
Online Subscriptions,2019,1,-190720.0
Inflow: Ready to Assign,2019,1,12341590.0
Groceries,2019,1,-291390.0
Eating Out,2019,1,-97490.0
Transportation,2019,1,-103540.0
Household Goods,2019,1,-148970.0
Specialist Care,2019,1,-30000.0
Dates,2019,1,-55000.0
Housing,2019,1,-1475000.0
Charitable,2019,1,-60000.0
Electricity,2019,1,-9710.0
Drugs and Medication,2019,1,-4890.0
Internet,2019,2,-30980.0
Uncategorized,2019,2,-1029450.0
Groceries,2019,2,-156630.0
Inflow: Ready to Assign,2019,2,27477040.0
Dates,2019,2,-126580.0
Online Subscriptions,2019,2,-11000.0
Gifts,2019,2,-321590.0
Transportation,2019,2,-14480.0
Eating Out,2019,2,-38520.0
Housing,2019,2,-1475000.0
Vacation,2019,2,-163530.0
Dentistry and Orthodonty,2019,2,-290400.0
Charitable,2019,2,-60000.0
Electricity,2019,2,-13720.0
Internet,2019,3,-30980.0
Eating Out,2019,3,-191050.0
Groceries,2019,3,-418400.0
Dates,2019,3,-126500.0
Household Goods,2019,3,-76660.0
Uncategorized,2019,3,35439750.0
Leisure,2019,3,-459920.0
Online Subscriptions,2019,3,-11000.0
Transportation,2019,3,-123530.0
Inflow: Ready to Assign,2019,3,12446530.0
Clothes & Grooming ,2019,3,-61000.0
Housing,2019,3,-1475000.0
Dentistry and Orthodonty,2019,3,-290400.0
Electricity,2019,3,-10650.0
Charitable,2019,3,-60000.0
Drugs and Medication,2019,3,-20680.0
All savings,2019,3,-22644670.0
Internet,2019,4,-31580.0
Transportation,2019,4,-26530.0
Online Subscriptions,2019,4,-11000.0
Uncategorized,2019,4,-5460950.0
Eating Out,2019,4,-190240.0
Inflow: Ready to Assign,2019,4,10267730.0
Groceries,2019,4,-222770.0
Leisure,2019,4,-58470.0
Household Goods,2019,4,-96250.0
Specialist Care,2019,4,-20000.0
Taxes,2019,4,-678000.0
Housing,2019,4,-1475000.0
Vacation,2019,4,-148300.0
Dentistry and Orthodonty,2019,4,-290400.0
Electricity,2019,4,-12360.0
Drugs and Medication,2019,4,-4200.0
Charitable,2019,4,-60000.0
All savings,2019,4,9500000.0
Clothes & Grooming ,2019,4,-120900.0
Dates,2019,4,-80090.0
All savings,2019,5,-83517200.0
Uncategorized,2019,5,87107660.0
Internet,2019,5,-31580.0
Groceries,2019,5,-341860.0
Eating Out,2019,5,-333380.0
Online Subscriptions,2019,5,-12490.0
Leisure,2019,5,-46370.0
Dates,2019,5,-56740.0
Inflow: Ready to Assign,2019,5,31072210.0
Transportation,2019,5,-104830.0
Electricity,2019,5,-10240.0
Housing,2019,5,-1475000.0
Vacation,2019,5,-246600.0
Dentistry and Orthodonty,2019,5,-290400.0
Drugs and Medication,2019,5,-8990.0
Charitable,2019,5,-60000.0
Internet,2019,6,-31580.0
Online Subscriptions,2019,6,-12610.0
Groceries,2019,6,-163760.0
Uncategorized,2019,6,34550740.0
Reimbursements,2019,6,-42490.0
Gifts,2019,6,-22050.0
Eating Out,2019,6,-264050.0
Household Goods,2019,6,-55040.0
Housing,2019,6,-1475000.0
Transportation,2019,6,-38780.0
Electricity,2019,6,-10960.0
Vacation,2019,6,-883960.0
Specialist Care,2019,6,-10000.0
Inflow: Ready to Assign,2019,6,7186500.0
Dentistry and Orthodonty,2019,6,-290400.0
Charitable,2019,6,-60000.0
All savings,2019,6,-24742480.0
Drugs and Medication,2019,6,-3270.0
All savings,2019,7,-1048800.0
Internet,2019,7,-31580.0
Online Subscriptions,2019,7,-12610.0
Uncategorized,2019,7,2827990.0
Eating Out,2019,7,-331310.0
Groceries,2019,7,-55870.0
Leisure,2019,7,-88690.0
Specialist Care,2019,7,-20000.0
Housing,2019,7,-1475000.0
Inflow: Ready to Assign,2019,7,7280450.0
Vacation,2019,7,-588130.0
Drugs and Medication,2019,7,-5220.0
Gifts,2019,7,-3809460.0
Dentistry and Orthodonty,2019,7,-290400.0
Electricity,2019,7,-23560.0
Transportation,2019,7,-42230.0
Charitable,2019,7,-60000.0
Household Goods,2019,7,-14910.0
Uncategorized,2019,8,19698410.0
Internet,2019,8,-31580.0
Leisure,2019,8,-27510.0
Transportation,2019,8,-15960.0
Online Subscriptions,2019,8,-12610.0
Eating Out,2019,8,-302290.0
Drugs and Medication,2019,8,-20580.0
Groceries,2019,8,-152920.0
Electricity,2019,8,-11380.0
Inflow: Ready to Assign,2019,8,25662510.0
Reimbursements,2019,8,28480.0
Housing,2019,8,-1575000.0
Gifts,2019,8,-46240.0
Dentistry and Orthodonty,2019,8,-290400.0
Clothes & Grooming ,2019,8,-77000.0
Charitable,2019,8,-60000.0
Household Goods,2019,8,-24400.0
All savings,2019,8,-20451080.0
Vacation,2019,8,-1485220.0
Split,2019,8,-403000.0
Uncategorized,2019,9,21040270.0
Vacation,2019,9,-554140.0
Online Subscriptions,2019,9,-12610.0
Clothes & Grooming ,2019,9,-28000.0
Split,2019,9,-3260190.0
Inflow: Ready to Assign,2019,9,15761010.0
Eating Out,2019,9,-219980.0
Groceries,2019,9,-180930.0
All savings,2019,9,-12410760.0
Internet,2019,9,-31580.0
Electricity,2019,9,-9390.0
Specialist Care,2019,9,-10000.0
Reimbursements,2019,9,1591890.0
Dentistry and Orthodonty,2019,9,-290400.0
Transportation,2019,9,-55310.0
Charitable,2019,9,-60000.0
Drugs and Medication,2019,9,-243460.0
Dates,2019,9,-63650.0
Gifts,2019,9,-190000.0
Household Goods,2019,9,-25350.0
Leisure,2019,9,-708250.0
Uncategorized,2019,10,-1756430.0
Eating Out,2019,10,-311080.0
Groceries,2019,10,-202320.0
Online Subscriptions,2019,10,-12610.0
Inflow: Ready to Assign,2019,10,8052070.0
Household Goods,2019,10,-53420.0
Specialist Care,2019,10,-10000.0
Electricity,2019,10,-9840.0
All savings,2019,10,-4943700.0
Split,2019,10,-2000000.0
Vacation,2019,10,-423320.0
Clothes & Grooming ,2019,10,-99060.0
Reimbursements,2019,10,1000000.0
Housing,2019,10,-575000.0
Internet,2019,10,-31580.0
Dentistry and Orthodonty,2019,10,-290400.0
Charitable,2019,10,-60000.0
Dates,2019,10,-16460.0
Leisure,2019,10,-1980.0
Transportation,2019,10,-14070.0
Uncategorized,2019,11,32576550.0
Online Subscriptions,2019,11,-136150.0
Inflow: Ready to Assign,2019,11,30436100.0
Groceries,2019,11,-155090.0
Eating Out,2019,11,-288310.0
All savings,2019,11,-21573700.0
Housing,2019,11,-1658500.0
Dates,2019,11,-14530.0
Drugs and Medication,2019,11,-8250.0
Transportation,2019,11,-54680.0
Electricity,2019,11,-12720.0
Leisure,2019,11,-13590.0
Household Goods,2019,11,-116010.0
Internet,2019,11,-31580.0
Dentistry and Orthodonty,2019,11,-290400.0
Charitable,2019,11,-60000.0
Optometry and Vision,2019,11,-10000.0
Eating Out,2019,12,-287850.0
Household Goods,2019,12,-155160.0
Online Subscriptions,2019,12,-132860.0
Inflow: Ready to Assign,2019,12,25015150.0
Uncategorized,2019,12,17362890.0
All savings,2019,12,-25092550.0
Dates,2019,12,-26400.0
Drugs and Medication,2019,12,-8420.0
Electricity,2019,12,-13510.0
Groceries,2019,12,-137090.0
Dentistry and Orthodonty,2019,12,1209600.0
Housing,2019,12,-1575000.0
Vacation,2019,12,-217600.0
Internet,2019,12,-31580.0
Transportation,2019,12,-27840.0
Gifts,2019,12,-5580560.0
Charitable,2019,12,-310000.0
Optometry and Vision,2019,12,-557000.0
Leisure,2019,12,6750.0
Online Subscriptions,2020,1,-62610.0
Eating Out,2020,1,-264300.0
Groceries,2020,1,-179740.0
Inflow: Ready to Assign,2020,1,9046990.0
Uncategorized,2020,1,40854290.0
Household Goods,2020,1,-93640.0
Investment,2020,1,-125000.0
Transportation,2020,1,-39940.0
Housing,2020,1,-1575000.0
All savings,2020,1,-5704240.0
Electricity,2020,1,-11760.0
Internet,2020,1,-31580.0
Leisure,2020,1,-18880.0
Dentistry and Orthodonty,2020,1,-290400.0
Charitable,2020,1,-90000.0
Dates,2020,1,-42840.0
Drugs and Medication,2020,1,-2000.0
Groceries,2020,2,-228700.0
Transportation,2020,2,-20300.0
Online Subscriptions,2020,2,-12610.0
Inflow: Ready to Assign,2020,2,27595390.0
Eating Out,2020,2,-237660.0
Uncategorized,2020,2,36378700.0
All savings,2020,2,-26304240.0
Household Goods,2020,2,-16430.0
Reimbursements,2020,2,0.0
Leisure,2020,2,-80530.0
Housing,2020,2,-1575000.0
Gifts,2020,2,-279670.0
Internet,2020,2,-31580.0
Dentistry and Orthodonty,2020,2,-290400.0
Charitable,2020,2,-60000.0
Drugs and Medication,2020,2,-1150.0
Online Subscriptions,2020,3,-122610.0
Drugs and Medication,2020,3,-6140.0
Eating Out,2020,3,-261770.0
Inflow: Ready to Assign,2020,3,15812740.0
Uncategorized,2020,3,13972860.0
Leisure,2020,3,-154900.0
Groceries,2020,3,-194860.0
All savings,2020,3,-14177030.0
Transportation,2020,3,-16120.0
Housing,2020,3,-1575000.0
Electricity,2020,3,-15740.0
Internet,2020,3,30990.0
Dentistry and Orthodonty,2020,3,-290400.0
Charitable,2020,3,-60000.0
Household Goods,2020,3,-15000.0
Uncategorized,2020,4,-83135120.0
Groceries,2020,4,-314260.0
Online Subscriptions,2020,4,-64610.0
Inflow: Ready to Assign,2020,4,10361020.0
All savings,2020,4,-6059280.0
Eating Out,2020,4,-282490.0
Electricity,2020,4,-19880.0
Leisure,2020,4,-9530.0
Housing,2020,4,-1575000.0
Internet,2020,4,32190.0
Household Goods,2020,4,-5500.0
Dentistry and Orthodonty,2020,4,-290400.0
Reimbursements,2020,4,0.0
Charitable,2020,4,-60000.0
Drugs and Medication,2020,4,-5220.0
All savings,2020,5,-28678000.0
Uncategorized,2020,5,72414930.0
Groceries,2020,5,-418410.0
Online Subscriptions,2020,5,-12610.0
Inflow: Ready to Assign,2020,5,32851720.0
Eating Out,2020,5,-278310.0
Electricity,2020,5,-20620.0
Leisure,2020,5,-169530.0
Housing,2020,5,-1575000.0
Internet,2020,5,32190.0
Dentistry and Orthodonty,2020,5,-290400.0
Charitable,2020,5,-60000.0
Dates,2020,5,-29040.0
Household Goods,2020,5,-41620.0
Drugs and Medication,2020,5,-2140.0
Uncategorized,2020,6,28779870.0
Online Subscriptions,2020,6,-12610.0
All savings,2020,6,-8096720.0
Leisure,2020,6,-197530.0
Eating Out,2020,6,-259940.0
Household Goods,2020,6,-9350.0
Groceries,2020,6,-201260.0
Electricity,2020,6,-21860.0
Vacation,2020,6,-159200.0
Internet,2020,6,-32180.0
Inflow: Ready to Assign,2020,6,8466520.0
Housing,2020,6,-1575000.0
Dentistry and Orthodonty,2020,6,-290400.0
Charitable,2020,6,-30000.0
Drugs and Medication,2020,6,-1650.0
Online Subscriptions,2020,7,-12610.0
Uncategorized,2020,7,27094380.0
Leisure,2020,7,-282000.0
Eating Out,2020,7,-334710.0
Groceries,2020,7,-335940.0
All savings,2020,7,-6430640.0
Electricity,2020,7,-15510.0
Inflow: Ready to Assign,2020,7,8968640.0
Internet,2020,7,96560.0
Housing,2020,7,-1620000.0
Dentistry and Orthodonty,2020,7,-290400.0
Taxes,2020,7,-196000.0
Charitable,2020,7,-30000.0
Transportation,2020,7,-300200.0
Drugs and Medication,2020,7,-1630.0
Eating Out,2020,8,-543790.0
Online Subscriptions,2020,8,-12610.0
Uncategorized,2020,8,79662240.0
Leisure,2020,8,-300450.0
Groceries,2020,8,-379080.0
Drugs and Medication,2020,8,-2600.0
Transportation,2020,8,-282480.0
Inflow: Ready to Assign,2020,8,38775270.0
Electricity,2020,8,-19890.0
Housing,2020,8,-3543100.0
Gifts,2020,8,-51940.0
Internet,2020,8,-32180.0
Fitness,2020,8,-167900.0
Charitable,2020,8,-30000.0
All savings,2020,8,-30000000.0
Household Goods,2020,8,-31310.0
Uncategorized,2020,9,41345060.0
Eating Out,2020,9,-632060.0
Online Subscriptions,2020,9,-13220.0
All savings,2020,9,-21700000.0
Investment,2020,9,-219760.0
Household Goods,2020,9,-872540.0
Leisure,2020,9,-281290.0
Inflow: Ready to Assign,2020,9,24688200.0
Housing,2020,9,-4943530.0
Electricity,2020,9,-17500.0
Groceries,2020,9,-245100.0
Internet,2020,9,-352680.0
Productivity,2020,9,-282280.0
Fitness,2020,9,-40730.0
Dates,2020,9,-389560.0
Charitable,2020,9,-30000.0
Gifts,2020,9,-23110.0
Drugs and Medication,2020,9,-2110.0
Vacation,2020,9,-30510.0
Uncategorized,2020,10,-27711490.0
Housing,2020,10,2480000.0
Eating Out,2020,10,-492200.0
Groceries,2020,10,-331860.0
Online Subscriptions,2020,10,-13220.0
Transportation,2020,10,-14370.0
Household Goods,2020,10,-92390.0
Gifts,2020,10,-312470.0
Dates,2020,10,-78780.0
Electricity,2020,10,-10100.0
Leisure,2020,10,-471480.0
Inflow: Ready to Assign,2020,10,6214170.0
Investment,2020,10,-113370.0
All savings,2020,10,-259320.0
Fitness,2020,10,-120070.0
Specialist Care,2020,10,-17530.0
Split,2020,10,-21470.0
Reimbursements,2020,10,-173130.0
Charitable,2020,10,-30000.0
Vacation,2020,10,-626400.0
Uncategorized,2020,11,-10273390.0
Eating Out,2020,11,-262430.0
Online Subscriptions,2020,11,-13220.0
Dates,2020,11,-59750.0
Housing,2020,11,-1279660.0
All savings,2020,11,-12683110.0
Leisure,2020,11,-535930.0
Electricity,2020,11,-5980.0
Drugs and Medication,2020,11,-5710.0
Fitness,2020,11,-40730.0
Groceries,2020,11,-271410.0
Inflow: Ready to Assign,2020,11,11047230.0
Charitable,2020,11,-30000.0
Transportation,2020,11,-14660.0
Uncategorized,2020,12,89371950.0
Eating Out,2020,12,-305050.0
Online Subscriptions,2020,12,-52600.0
Inflow: Ready to Assign,2020,12,11052210.0
Housing,2020,12,-1570000.0
All savings,2020,12,-7190040.0
Dates,2020,12,-97520.0
Leisure,2020,12,-519000.0
Electricity,2020,12,-54400.0
Drugs and Medication,2020,12,-5710.0
Groceries,2020,12,-117670.0
Charitable,2020,12,-100000.0
Gifts,2020,12,-514710.0
Transportation,2020,12,-42210.0
Reimbursements,2020,12,-365000.0
Investment,2020,12,-123030.0
Online Subscriptions,2021,1,-69830.0
All savings,2021,1,-8984630.0
Uncategorized,2021,1,31072210.0
Housing,2021,1,-1570000.0
Investment,2021,1,-125000.0
Transportation,2021,1,-38390.0
Groceries,2021,1,-360780.0
Reimbursements,2021,1,-70460.0
Eating Out,2021,1,-206790.0
Dates,2021,1,-298630.0
Inflow: Ready to Assign,2021,1,11237040.0
Leisure,2021,1,-212530.0
Electricity,2021,1,-12210.0
Fitness,2021,1,-5390.0
Specialist Care,2021,1,-10000.0
Drugs and Medication,2021,1,-180480.0
Uncategorized,2021,2,7992470.0
Online Subscriptions,2021,2,-13220.0
Housing,2021,2,-1570000.0
All savings,2021,2,-7915770.0
Gifts,2021,2,-121240.0
Eating Out,2021,2,-261000.0
Leisure,2021,2,-438620.0
Inflow: Ready to Assign,2021,2,11964040.0
Groceries,2021,2,-401510.0
Dates,2021,2,-62300.0
Electricity,2021,2,-19800.0
Household Goods,2021,2,-101200.0
Transportation,2021,2,-31360.0
Coffee,2021,2,-20000.0
Drugs and Medication,2021,2,-223390.0
Uncategorized,2021,3,30011380.0
Eating Out,2021,3,-315020.0
Online Subscriptions,2021,3,-39220.0
Inflow: Ready to Assign,2021,3,16011020.0
Housing,2021,3,-1570000.0
Groceries,2021,3,-293120.0
Household Goods,2021,3,-82280.0
All savings,2021,3,-13183620.0
Leisure,2021,3,-477250.0
Drugs and Medication,2021,3,-19000.0
Investment,2021,3,-27470.0
Dates,2021,3,-345040.0
Electricity,2021,3,-19310.0
Coffee,2021,3,-30000.0
Transportation,2021,3,-32740.0
Fitness,2021,3,-23990.0
Uncategorized,2021,4,21759220.0
Groceries,2021,4,-487680.0
Eating Out,2021,4,-323880.0
Online Subscriptions,2021,4,-13220.0
Inflow: Ready to Assign,2021,4,16253650.0
Housing,2021,4,-1570000.0
All savings,2021,4,-10695080.0
Household Goods,2021,4,-59820.0
Dates,2021,4,-194670.0
Optometry and Vision,2021,4,-20000.0
Transportation,2021,4,-176930.0
Leisure,2021,4,-216510.0
Investment,2021,4,-2211270.0
Specialist Care,2021,4,-243110.0
Drugs and Medication,2021,4,-20460.0
Electricity,2021,4,-19590.0
Coffee,2021,4,-20000.0
Reimbursements,2021,4,-34160.0
Uncategorized,2021,5,85669680.0
Drugs and Medication,2021,5,-24080.0
Groceries,2021,5,-296330.0
Online Subscriptions,2021,5,-6610.0
Housing,2021,5,80000.0
Inflow: Ready to Assign,2021,5,57084380.0
Eating Out,2021,5,-345260.0
Dates,2021,5,-44230.0
Transportation,2021,5,-161120.0
All savings,2021,5,-45198020.0
Vacation,2021,5,-1266160.0
Leisure,2021,5,-264440.0
Household Goods,2021,5,-70450.0
Specialist Care,2021,5,-243110.0
Gifts,2021,5,-179310.0
Electricity,2021,5,-20280.0
Coffee,2021,5,-25000.0
Reimbursements,2021,5,40608590.0
Taxes,2021,5,-48774000.0
Split,2021,5,-203000.0
Clothes & Grooming ,2021,5,-63000.0
Fitness,2021,5,-59900.0
Primary Care,2021,5,-10290.0
Optometry and Vision,2021,5,-40000.0
Housing,2021,6,-3220000.0
Uncategorized,2021,6,13907290.0
All savings,2021,6,-8000700.0
Eating Out,2021,6,-384120.0
Online Subscriptions,2021,6,-6620.0
Dates,2021,6,-214290.0
Drugs and Medication,2021,6,-74340.0
Reimbursements,2021,6,37160.0
Groceries,2021,6,-392870.0
Inflow: Ready to Assign,2021,6,11458780.0
Leisure,2021,6,-439010.0
Electricity,2021,6,-14320.0
Investment,2021,6,-230.0
Coffee,2021,6,-50000.0
Transportation,2021,6,-45930.0
Household Goods,2021,6,-111780.0
Specialist Care,2021,6,-166500.0
Uncategorized,2021,7,20394220.0
Dates,2021,7,-51910.0
Online Subscriptions,2021,7,-14340.0
Inflow: Ready to Assign,2021,7,13383990.0
Housing,2021,7,-1576480.0
Transportation,2021,7,-26250.0
Groceries,2021,7,-458150.0
Drugs and Medication,2021,7,-29430.0
Eating Out,2021,7,-310570.0
Coffee,2021,7,-30000.0
All savings,2021,7,-9986890.0
Electricity,2021,7,-21480.0
Household Goods,2021,7,-60420.0
Leisure,2021,7,-249530.0
Groceries,2021,8,-414560.0
Online Subscriptions,2021,8,-14340.0
Housing,2021,8,-1620000.0
Uncategorized,2021,8,44108190.0
Eating Out,2021,8,-427280.0
Dates,2021,8,-78830.0
Investment,2021,8,-1890.0
Inflow: Ready to Assign,2021,8,41937330.0
All savings,2021,8,-39020600.0
Electricity,2021,8,-20950.0
Leisure,2021,8,-550580.0
Coffee,2021,8,-28210.0
Drugs and Medication,2021,8,-56430.0
Transportation,2021,8,-21720.0
Vacation,2021,8,-226790.0
Household Goods,2021,8,-390.0
Uncategorized,2021,9,31972180.0
Eating Out,2021,9,-324360.0
Online Subscriptions,2021,9,-14340.0
Housing,2021,9,-1692000.0
Investment,2021,9,-1240.0
All savings,2021,9,-9113960.0
Inflow: Ready to Assign,2021,9,15067860.0
Transportation,2021,9,-225100.0
Clothes & Grooming ,2021,9,-20000.0
Reimbursements,2021,9,1000000.0
Coffee,2021,9,-40000.0
Electricity,2021,9,-19740.0
Groceries,2021,9,-221690.0
Leisure,2021,9,-22290.0
Gifts,2021,9,-2402760.0
Dates,2021,9,-468240.0
Charitable,2021,9,-250000.0
Productivity,2021,9,-45020.0
Household Goods,2021,9,-99290.0
Drugs and Medication,2021,9,-10640.0
Internet,2021,9,-35000.0
Uncategorized,2021,10,-27623370.0
All savings,2021,10,-11502940.0
Eating Out,2021,10,-477840.0
Inflow: Ready to Assign,2021,10,13219440.0
Coffee,2021,10,-50000.0
Online Subscriptions,2021,10,-14340.0
Housing,2021,10,-1620000.0
Transportation,2021,10,-80180.0
Groceries,2021,10,-418650.0
Investment,2021,10,-970.0
Dentistry and Orthodonty,2021,10,-390000.0
Electricity,2021,10,-17920.0
Internet,2021,10,-35000.0
Fitness,2021,10,-55110.0
Leisure,2021,10,-249240.0
Gifts,2021,10,73050.0
Dates,2021,10,-286640.0
Household Goods,2021,10,-12770.0
Productivity,2021,10,-40000.0
Vacation,2021,10,-403520.0
Uncategorized,2021,11,80915780.0
Dates,2021,11,-134540.0
Online Subscriptions,2021,11,-14340.0
Inflow: Ready to Assign,2021,11,37936510.0
Housing,2021,11,-1620000.0
Transportation,2021,11,-52780.0
Eating Out,2021,11,-314420.0
Groceries,2021,11,-439050.0
Split,2021,11,-76660.0
Investment,2021,11,-2660.0
All savings,2021,11,-31950490.0
Electricity,2021,11,-19910.0
Drugs and Medication,2021,11,-7420.0
Fitness,2021,11,-30000.0
Leisure,2021,11,-318780.0
Internet,2021,11,-38500.0
Charitable,2021,11,-27000.0
Household Goods,2021,11,-19870.0
Productivity,2021,11,-438800.0
Vacation,2021,11,-13280.0
Uncategorized,2021,12,-21477730.0
Eating Out,2021,12,-319820.0
Online Subscriptions,2021,12,-14340.0
Inflow: Ready to Assign,2021,12,11290710.0
Housing,2021,12,-1620000.0
Leisure,2021,12,-347000.0
Household Goods,2021,12,-27450.0
Investment,2021,12,-710.0
Groceries,2021,12,-180180.0
Dates,2021,12,-123390.0
All savings,2021,12,-8158260.0
Drugs and Medication,2021,12,-19310.0
Internet,2021,12,-77060.0
Vacation,2021,12,-1093600.0
Transportation,2021,12,-27970.0
Gifts,2021,12,-478060.0
Split,2021,12,-57780.0
Reimbursements,2021,12,-1000000.0
Transportation,2022,1,-86300.0
Reimbursements,2022,1,0.0
Online Subscriptions,2022,1,-14340.0
Inflow: Ready to Assign,2022,1,12835580.0
Housing,2022,1,-1620000.0
Uncategorized,2022,1,46866820.0
Investment,2022,1,-127710.0
Household Goods,2022,1,-109580.0
Eating Out,2022,1,-450040.0
Groceries,2022,1,-331520.0
Gifts,2022,1,207040.0
Household Furnishing,2022,1,-14020.0
All savings,2022,1,-12629640.0
Productivity,2022,1,-109130.0
Dates,2022,1,-257690.0
Drugs and Medication,2022,1,-19070.0
Coffee,2022,1,-22430.0
Leisure,2022,1,-76950.0
Internet,2022,1,-33480.0
Uncategorized,2022,2,-24907880.0
Productivity,2022,2,-74970.0
Eating Out,2022,2,-459560.0
Groceries,2022,2,-537990.0
Household Goods,2022,2,-21470.0
Inflow: Ready to Assign,2022,2,28783520.0
Housing,2022,2,-1620000.0
Reimbursements,2022,2,1000000.0
Dates,2022,2,-609550.0
Online Subscriptions,2022,2,-14340.0
All savings,2022,2,-24084460.0
Household Furnishing,2022,2,-175800.0
Gifts,2022,2,-409300.0
Transportation,2022,2,-79660.0
Charitable,2022,2,-105000.0
Uncategorized,2022,3,-5671080.0
Dates,2022,3,-291950.0
Eating Out,2022,3,-466940.0
Inflow: Ready to Assign,2022,3,38462330.0
Housing,2022,3,-1620000.0
Online Subscriptions,2022,3,-170340.0
Internet,2022,3,-66960.0
All savings,2022,3,-29363220.0
Groceries,2022,3,-323760.0
Household Furnishing,2022,3,-36550.0
Drugs and Medication,2022,3,-47560.0
Investment,2022,3,-2890.0
Household Goods,2022,3,-124440.0
Electricity,2022,3,-97230.0
Productivity,2022,3,-89840.0
Leisure,2022,3,-90050.0
Specialist Care,2022,3,-367000.0
Transportation,2022,3,-44280.0
All savings,2022,4,-7927400.0
Uncategorized,2022,4,43392890.0
Eating Out,2022,4,-461190.0
Household Goods,2022,4,-182460.0
Online Subscriptions,2022,4,-14340.0
Inflow: Ready to Assign,2022,4,11380660.0
Housing,2022,4,-1620000.0
Dates,2022,4,-197670.0
Investment,2022,4,-1790.0
Leisure,2022,4,-781990.0
Gifts,2022,4,-17620.0
Productivity,2022,4,-23410.0
Groceries,2022,4,-273420.0
Transportation,2022,4,-42910.0
Electricity,2022,4,-18320.0
Reimbursements,2022,4,18749000.0
Taxes,2022,4,-42262000.0
Uncategorized,2022,5,-74048610.0
Household Goods,2022,5,-49570.0
Drugs and Medication,2022,5,-39820.0
Groceries,2022,5,-427530.0
Leisure,2022,5,-463080.0
Gifts,2022,5,-16540.0
Inflow: Ready to Assign,2022,5,43365170.0
Housing,2022,5,-1620000.0
Internet,2022,5,-30980.0
Online Subscriptions,2022,5,-14340.0
Eating Out,2022,5,-502340.0
Investment,2022,5,-22270.0
Dates,2022,5,-314210.0
Transportation,2022,5,-128020.0
Reimbursements,2022,5,-541220.0
Vacation,2022,5,-1309280.0
Productivity,2022,5,-280000.0
Electricity,2022,5,-21090.0
All savings,2022,5,-15331210.0
Specialist Care,2022,5,-85830.0
Uncategorized,2022,6,17766050.0
Vacation,2022,6,-1023810.0
Clothes & Grooming ,2022,6,-93710.0
Internet,2022,6,-33490.0
Inflow: Ready to Assign,2022,6,9400550.0
Housing,2022,6,-1620000.0
Online Subscriptions,2022,6,-9370.0
Productivity,2022,6,-108950.0
Investment,2022,6,-20910.0
Groceries,2022,6,-467010.0
Eating Out,2022,6,-417150.0
Household Goods,2022,6,-107090.0
Leisure,2022,6,-67440.0
Transportation,2022,6,-37000.0
Reimbursements,2022,6,2022040.0
Dates,2022,6,-292180.0
All savings,2022,6,-8429680.0
Electricity,2022,6,-32500.0
Gifts,2022,6,-16980.0
Drugs and Medication,2022,6,-23150.0
Uncategorized,2022,7,-68619200.0
Dentistry and Orthodonty,2022,7,-500000.0
Productivity,2022,7,-204500.0
Internet,2022,7,-33480.0
Eating Out,2022,7,-518180.0
Leisure,2022,7,-178810.0
Inflow: Ready to Assign,2022,7,9429530.0
Online Subscriptions,2022,7,-6620.0
Groceries,2022,7,-323700.0
Dates,2022,7,-336240.0
Transportation,2022,7,-115460.0
All savings,2022,7,-4556580.0
Investment,2022,7,-2360.0
Household Goods,2022,7,-65110.0
Gifts,2022,7,-2403450.0
Electricity,2022,7,-18860.0
Specialist Care,2022,7,-200000.0
Primary Care,2022,7,-576180.0
Drugs and Medication,2022,7,-21910.0
Housing,2022,7,-1700000.0
Uncategorized,2022,8,57971550.0
Dates,2022,8,-256140.0
Internet,2022,8,-100440.0
Online Subscriptions,2022,8,-15760.0
Inflow: Ready to Assign,2022,8,42732300.0
Reimbursements,2022,8,-397200.0
Vacation,2022,8,-254040.0
Household Goods,2022,8,-392590.0
Groceries,2022,8,-533460.0
Optometry and Vision,2022,8,-59000.0
Eating Out,2022,8,-407930.0
Investment,2022,8,-8220.0
Car,2022,8,-22466780.0
All savings,2022,8,-12463580.0
Transportation,2022,8,-97220.0
Gifts,2022,8,-60380.0
Insurance,2022,8,-108530.0
Productivity,2022,8,-281170.0
Leisure,2022,8,-145710.0
Electricity,2022,8,-20090.0
Specialist Care,2022,8,-2000000.0
Cosmetics,2022,8,-420000.0
Wedding,2022,8,-1305230.0
Housing,2022,8,-1700000.0
Uncategorized,2022,9,-50524510.0
Drugs and Medication,2022,9,-51030.0
Eating Out,2022,9,-394100.0
Groceries,2022,9,-470480.0
Online Subscriptions,2022,9,-6620.0
Inflow: Ready to Assign,2022,9,18063190.0
Wedding,2022,9,-775930.0
Clothes & Grooming ,2022,9,-131720.0
Productivity,2022,9,-241020.0
Leisure,2022,9,-134710.0
Vacation,2022,9,-562700.0
Housing,2022,9,-293000.0
Gifts,2022,9,-401680.0
Electricity,2022,9,-18550.0
Transportation,2022,9,-88480.0
Optometry and Vision,2022,9,-20800.0
Dates,2022,9,-123230.0
All savings,2022,9,-11340970.0
Insurance,2022,9,-27520.0
Reimbursements,2022,9,-1306910.0
Household Goods,2022,9,-116690.0
Specialist Care,2022,9,-669560.0
Gas,2022,9,-23230.0
Cosmetics,2022,9,-10630.0
Tolls,2022,9,-1450.0
Split,2022,9,-123000.0
Investment,2022,9,-16090.0
Uncategorized,2022,10,-62340920.0
Gifts,2022,10,-75420.0
Dates,2022,10,-642660.0
Internet,2022,10,-68360.0
Groceries,2022,10,-365690.0
Household Goods,2022,10,-160900.0
Eating Out,2022,10,-297220.0
Inflow: Ready to Assign,2022,10,13013590.0
Online Subscriptions,2022,10,-6620.0
Housing,2022,10,-1850000.0
Productivity,2022,10,-115660.0
Drugs and Medication,2022,10,-18840.0
Investment,2022,10,-16020.0
Car,2022,10,-15000.0
Tolls,2022,10,-4150.0
Electricity,2022,10,-15360.0
Reimbursements,2022,10,949820.0
Dentistry and Orthodonty,2022,10,500000.0
Transportation,2022,10,-61990.0
Specialist Care,2022,10,-8000000.0
Insurance,2022,10,-40050.0
Vacation,2022,10,-880080.0
Leisure,2022,10,-67710.0
Wedding,2022,10,-514070.0
Primary Care,2022,10,-125400.0
Clothes & Grooming ,2022,10,-87900.0
Fitness,2022,10,-37020.0
Gas,2022,10,-58900.0
Uncategorized,2022,11,29004460.0
Housing,2022,11,-3903110.0
Inflow: Ready to Assign,2022,11,-623460.0
Transportation,2022,11,-148100.0
Online Subscriptions,2022,11,-6620.0
Eating Out,2022,11,-430720.0
Vacation,2022,11,-575110.0
Parking,2022,11,-76790.0
Investment,2022,11,-21720.0
Household Goods,2022,11,-109380.0
Dates,2022,11,-115800.0
Productivity,2022,11,-109000.0
Electricity,2022,11,-17320.0
Tolls,2022,11,-9850.0
Leisure,2022,11,-889610.0
Groceries,2022,11,-292410.0
Drugs and Medication,2022,11,-1100.0
Insurance,2022,11,-39960.0
Fitness,2022,11,-37020.0
Wedding,2022,11,-18580.0
Inflow: Ready to Assign,2022,12,986820.0
Uncategorized,2022,12,69589660.0
Internet,2022,12,-69760.0
Eating Out,2022,12,-354610.0
Leisure,2022,12,-112260.0
Online Subscriptions,2022,12,-6620.0
Investment,2022,12,-120220.0
Groceries,2022,12,-246090.0
Household Goods,2022,12,-83190.0
Dates,2022,12,-92050.0
Tolls,2022,12,-13500.0
All savings,2022,12,0.0
Drugs and Medication,2022,12,-15340.0
Wedding,2022,12,-3535940.0
Split,2022,12,-203000.0
Gas,2022,12,-41160.0
Electricity,2022,12,-21020.0
Productivity,2022,12,-49000.0
Gifts,2022,12,-497770.0
Vacation,2022,12,-2506310.0
Insurance,2022,12,-45030.0
Car,2022,12,-400.0
Housing,2022,12,-1850000.0
Inflow: Ready to Assign,2023,1,-355020.0
Uncategorized,2023,1,1530.0
Charitable,2023,1,-101400.0
Online Subscriptions,2023,1,-6620.0
Dates,2023,1,-133870.0
Vacation,2023,1,-1028470.0
Groceries,2023,1,-204970.0
Investment,2023,1,-109500.0
Wedding,2023,1,-328150.0
Productivity,2023,1,-224680.0
Reimbursements,2023,1,3000.0
Eating Out,2023,1,-185220.0
Household Goods,2023,1,-62000.0
Drugs and Medication,2023,1,-2210.0
Electricity,2023,1,-16620.0
Gas,2023,1,-35700.0
Insurance,2023,1,-28390.0
Leisure,2023,1,-24530.0
Housing,2023,1,-1850000.0
Internet,2023,1,-34880.0
Uncategorized,2023,2,32501220.0
Inflow: Ready to Assign,2023,2,81278930.0
Productivity,2023,2,-116000.0
Eating Out,2023,2,-385630.0
Leisure,2023,2,-159400.0
Household Goods,2023,2,-433350.0
Groceries,2023,2,-350650.0
Online Subscriptions,2023,2,-6620.0
Investment,2023,2,-148050.0
Gifts,2023,2,-139340.0
Wedding,2023,2,-154500.0
Dates,2023,2,-184080.0
Tolls,2023,2,-16800.0
Coffee,2023,2,-11030.0
Car,2023,2,-1114390.0
Drugs and Medication,2023,2,-2210.0
Electricity,2023,2,-18640.0
Transportation,2023,2,-107750.0
Reimbursements,2023,2,-303110.0
Insurance,2023,2,-62640.0
Fitness,2023,2,-14310.0
Gas,2023,2,-59500.0
All savings,2023,2,-32500000.0
Clothes & Grooming ,2023,2,-210000.0
Housing,2023,3,-3700000.0
Uncategorized,2023,3,17167150.0
Inflow: Ready to Assign,2023,3,19096220.0
Productivity,2023,3,-217860.0
Online Subscriptions,2023,3,-162620.0
Investment,2023,3,-159670.0
Internet,2023,3,-69760.0
Eating Out,2023,3,-468990.0
Household Goods,2023,3,-231120.0
Leisure,2023,3,-81120.0
Clothes & Grooming ,2023,3,-148830.0
Dates,2023,3,-288300.0
Tolls,2023,3,-8400.0
Cosmetics,2023,3,-525000.0
Transportation,2023,3,-14710.0
All savings,2023,3,-14665930.0
Groceries,2023,3,-225640.0
Reimbursements,2023,3,-1646520.0
Insurance,2023,3,-55300.0
Drugs and Medication,2023,3,-39530.0
Electricity,2023,3,-19400.0
Fitness,2023,3,-35170.0
Wedding,2023,3,-4365020.0
Vacation,2023,3,-200000.0
Gifts,2023,3,-975030.0
Charitable,2023,3,-100000.0
Uncategorized,2023,4,100499670.0
Inflow: Ready to Assign,2023,4,49176200.0
Vacation,2023,4,-1669850.0
Eating Out,2023,4,-592080.0
Groceries,2023,4,-416520.0
Fitness,2023,4,-70340.0
Household Goods,2023,4,-1375510.0
Online Subscriptions,2023,4,-17630.0
Leisure,2023,4,-80540.0
Dates,2023,4,-503870.0
Investment,2023,4,-7270.0
Wedding,2023,4,-45000.0
Drugs and Medication,2023,4,-284520.0
Electricity,2023,4,-19890.0
Reimbursements,2023,4,-237030.0
Productivity,2023,4,-116000.0
Insurance,2023,4,-49150.0
Gas,2023,4,-53750.0
Taxes,2023,4,-9997000.0
Parking,2023,4,-15000.0
Tolls,2023,4,-3850.0
Charitable,2023,4,-50000.0
Housing,2023,4,-1850000.0
Internet,2023,4,-34880.0
Uncategorized,2023,5,2343400.0
Fitness,2023,5,-250290.0
Dates,2023,5,-226980.0
Eating Out,2023,5,-291930.0
Dentistry and Orthodonty,2023,5,-728500.0
Online Subscriptions,2023,5,-6620.0
Inflow: Ready to Assign,2023,5,22121860.0
Wedding,2023,5,-14540870.0
Investment,2023,5,-19040.0
Transportation,2023,5,-135340.0
Leisure,2023,5,-21520.0
Drugs and Medication,2023,5,-220260.0
Gas,2023,5,-58790.0
Groceries,2023,5,-328860.0
Household Goods,2023,5,-65790.0
Electricity,2023,5,-19570.0
Productivity,2023,5,-116000.0
All savings,2023,5,-2341150.0
Insurance,2023,5,-50410.0
Gifts,2023,5,-50000.0
Clothes & Grooming ,2023,5,-1059020.0
Parking,2023,5,-11110.0
Charitable,2023,5,-105200.0
Vacation,2023,5,-40200.0
Cosmetics,2023,5,-380000.0
Housing,2023,5,-1850000.0
Internet,2023,5,-34880.0
Uncategorized,2023,6,11916330.0
Wedding,2023,6,-508970.0
Eating Out,2023,6,-493720.0
Household Goods,2023,6,-212680.0
Online Subscriptions,2023,6,-6620.0
Inflow: Ready to Assign,2023,6,21288150.0
Vacation,2023,6,-2607360.0
Fitness,2023,6,-70340.0
Dates,2023,6,-327740.0
Leisure,2023,6,-56210.0
Reimbursements,2023,6,-228780.0
Tolls,2023,6,-10450.0
Investment,2023,6,-29450.0
Parking,2023,6,-92730.0
Productivity,2023,6,-116000.0
Gifts,2023,6,-346340.0
Optometry and Vision,2023,6,-78000.0
Groceries,2023,6,-287330.0
Electricity,2023,6,-17660.0
Drugs and Medication,2023,6,-101150.0
Insurance,2023,6,-30120.0
All savings,2023,6,-11913950.0
Clothes & Grooming ,2023,6,-273060.0
Housing,2023,6,-1850000.0
Internet,2023,6,-34880.0
Uncategorized,2023,7,44313300.0
Inflow: Ready to Assign,2023,7,83541340.0
Vacation,2023,7,-2760960.0
Online Subscriptions,2023,7,-6620.0
Eating Out,2023,7,-148110.0
Leisure,2023,7,-64340.0
Productivity,2023,7,-123000.0
Investment,2023,7,-8460.0
Tolls,2023,7,-1500.0
Wedding,2023,7,-17159340.0
Insurance,2023,7,-48300.0
Electricity,2023,7,-20410.0
Fitness,2023,7,-70770.0
All savings,2023,7,-22500000.0
Groceries,2023,7,-114270.0
Dates,2023,7,-150550.0
Coffee,2023,7,-7620.0
Housing,2023,7,-3700000.0
Internet,2023,7,-34880.0
Drugs and Medication,2023,7,-16990.0
Uncategorized,2023,8,2380.0
Eating Out,2023,8,-326670.0
Online Subscriptions,2023,8,-15780.0
Inflow: Ready to Assign,2023,8,24679400.0
Fitness,2023,8,-101750.0
Productivity,2023,8,-183000.0
Vacation,2023,8,-5459090.0
Investment,2023,8,-2720.0
Dates,2023,8,-160800.0
Leisure,2023,8,-280210.0
Reimbursements,2023,8,-2684630.0
Dentistry and Orthodonty,2023,8,-27000.0
Electricity,2023,8,-14550.0
Household Goods,2023,8,-49370.0
Insurance,2023,8,-69310.0
Groceries,2023,8,-245860.0
Drugs and Medication,2023,8,-63070.0
Gifts,2023,8,-1268000.0
Cosmetics,2023,8,-400000.0
Phone,2023,8,-33050.0
Gas,2023,8,-33580.0
Transportation,2023,8,-13990.0
Tolls,2023,8,-1200.0
Coffee,2023,8,-14120.0
Clothes & Grooming ,2023,8,-119170.0
Parking,2023,8,-2990.0
Housing,2023,8,-1850000.0
Internet,2023,8,-34880.0
Uncategorized,2023,9,10551500.0
Vacation,2023,9,-2840700.0
Inflow: Ready to Assign,2023,9,20289460.0
Online Subscriptions,2023,9,-6620.0
Leisure,2023,9,-33820.0
Insurance,2023,9,-214940.0
Tolls,2023,9,-1200.0
Investment,2023,9,-1293780.0
Reimbursements,2023,9,-2650.0
Gifts,2023,9,869500.0
Household Goods,2023,9,-203380.0
Clothes & Grooming ,2023,9,-127960.0
Electricity,2023,9,-17400.0
Groceries,2023,9,-111910.0
Fitness,2023,9,-35600.0
Eating Out,2023,9,-116350.0
Productivity,2023,9,-138000.0
Drugs and Medication,2023,9,-43550.0
Housing,2023,9,-2165780.0
Dates,2023,9,-352560.0
Coffee,2023,9,-50220.0
Parking,2023,9,-18730.0
Phone,2023,9,-25330.0
Car,2023,9,-235250.0
Specialist Care,2023,9,-229610.0
All savings,2023,9,-10540710.0
Internet,2023,9,-36490.0
Uncategorized,2023,10,-40297430.0
Leisure,2023,10,-3447710.0
Groceries,2023,10,-389650.0
Household Goods,2023,10,-104380.0
Online Subscriptions,2023,10,-6620.0
Dentistry and Orthodonty,2023,10,-430000.0
Reimbursements,2023,10,-607370.0
Eating Out,2023,10,-371290.0
Vacation,2023,10,-1717350.0
Coffee,2023,10,-154610.0
Inflow: Ready to Assign,2023,10,86246290.0
Investment,2023,10,-122580.0
Tolls,2023,10,-12900.0
Electricity,2023,10,-17140.0
Optometry and Vision,2023,10,-281000.0
Primary Care,2023,10,-202550.0
Physical Therapy,2023,10,-343710.0
Dates,2023,10,-33000.0
Productivity,2023,10,-170000.0
Insurance,2023,10,-59860.0
Transportation,2023,10,-16610.0
Meal Reimbursements,2023,10,-305400.0
Gas,2023,10,-25070.0
All savings,2023,10,-24578690.0
Phone,2023,10,-25330.0
Parking,2023,10,-2990.0
Drugs and Medication,2023,10,-43720.0
Gifts,2023,10,-588220.0
Clothes & Grooming ,2023,10,-544010.0
Housing,2023,10,-2000000.0
Internet,2023,10,-36490.0
Uncategorized,2023,11,8383210.0
Meal Reimbursements,2023,11,-370810.0
Online Subscriptions,2023,11,-6620.0
Groceries,2023,11,-338640.0
Reimbursements,2023,11,-211210.0
Coffee,2023,11,-181720.0
Inflow: Ready to Assign,2023,11,21431910.0
Eating Out,2023,11,-339190.0
Investment,2023,11,-24530.0
Wedding,2023,11,-56220.0
Leisure,2023,11,-27210.0
Household Goods,2023,11,-197500.0
Tolls,2023,11,-9400.0
Vacation,2023,11,-865000.0
Dates,2023,11,-203070.0
Electricity,2023,11,-19250.0
Productivity,2023,11,-170000.0
Specialist Care,2023,11,-295000.0
Gas,2023,11,-16840.0
Insurance,2023,11,-56660.0
Optometry and Vision,2023,11,-239400.0
Parking,2023,11,-500.0
All savings,2023,11,-8380600.0
Cosmetics,2023,11,-400000.0
Phone,2023,11,-25330.0
Drugs and Medication,2023,11,-94730.0
Clothes & Grooming ,2023,11,-110000.0
Housing,2023,11,-2000000.0
Internet,2023,11,-46480.0
Uncategorized,2023,12,2380.0
Reimbursements,2023,12,-640150.0
Coffee,2023,12,-84170.0
Eating Out,2023,12,-251180.0
Inflow: Ready to Assign,2023,12,19960540.0
Leisure,2023,12,-38210.0
Investment,2023,12,-23700.0
Productivity,2023,12,-320000.0
Vacation,2023,12,-2121490.0
Household Goods,2023,12,-186610.0
Electricity,2023,12,-19820.0
Insurance,2023,12,-51380.0
Drugs and Medication,2023,12,-111770.0
Online Subscriptions,2023,12,-6620.0
Groceries,2023,12,-275130.0
Phone,2023,12,-25330.0
Tolls,2023,12,-3050.0
Clothes & Grooming ,2023,12,-59260.0
Taxes,2023,12,704020.0
Gifts,2023,12,-224150.0
Housing,2023,12,-2000000.0
Internet,2023,12,-46480.0
All savings,2024,1,-24511560.0
Uncategorized,2024,1,149523720.0
Dates,2024,1,-252910.0
Coffee,2024,1,-233380.0
Inflow: Ready to Assign,2024,1,89821210.0
Online Subscriptions,2024,1,-6620.0
Reimbursements,2024,1,-52400.0
Groceries,2024,1,-396760.0
Household Goods,2024,1,-79150.0
Investment,2024,1,-24020.0
Leisure,2024,1,-13990.0
Eating Out,2024,1,-292820.0
Gas,2024,1,-18140.0
Productivity,2024,1,-279130.0
Gifts,2024,1,-176680.0
Drugs and Medication,2024,1,-26940.0
Meal Reimbursements,2024,1,-51600.0
Electricity,2024,1,-16370.0
Insurance,2024,1,-48250.0
Housing,2024,1,-197500.0
Phone,2024,1,-28780.0
Wedding,2024,1,-21090.0
Fitness,2024,1,-22500.0
Transportation,2024,1,-13770.0
Internet,2024,1,-86480.0
Household Furnishing,2024,1,-3792600.0
Uncategorized,2024,2,173439880.0
Coffee,2024,2,-159220.0
Online Subscriptions,2024,2,-6620.0
Inflow: Ready to Assign,2024,2,20324550.0
Groceries,2024,2,-227280.0
Household Goods,2024,2,-342790.0
Leisure,2024,2,-52420.0
Meal Reimbursements,2024,2,-921910.0
Eating Out,2024,2,-331240.0
Tolls,2024,2,-17500.0
Investment,2024,2,-22990.0
Household Furnishing,2024,2,-2333620.0
Gifts,2024,2,-789480.0
Drugs and Medication,2024,2,-183690.0
Dentistry and Orthodonty,2024,2,-85600.0
Electricity,2024,2,-23230.0
Specialist Care,2024,2,-42000.0
Vacation,2024,2,-1616440.0
Insurance,2024,2,-69300.0
Dates,2024,2,-223020.0
Housing,2024,2,-11610440.0
Productivity,2024,2,-170000.0
Cosmetics,2024,2,-410000.0
Mortgage Principal,2024,2,-173437500.0
Gas,2024,2,-60240.0
Phone,2024,2,-25330.0
Internet,2024,2,-46480.0
Uncategorized,2024,3,21093380.0
Groceries,2024,3,-263630.0
Online Subscriptions,2024,3,-224220.0
Vacation,2024,3,-214180.0
Household Furnishing,2024,3,-5787980.0
Physical Therapy,2024,3,-1066520.0
Household Goods,2024,3,-315800.0
Eating Out,2024,3,-344590.0
Leisure,2024,3,-13990.0
Coffee,2024,3,-118870.0
Inflow: Ready to Assign,2024,3,21336340.0
Dates,2024,3,-438970.0
Investment,2024,3,-22990.0
Tolls,2024,3,-21900.0
Meal Service,2024,3,-176620.0
Specialist Care,2024,3,-42000.0
Drugs and Medication,2024,3,-216980.0
Electricity,2024,3,-33030.0
Psychiatry and Therapy,2024,3,-804800.0
Insurance,2024,3,-81730.0
Productivity,2024,3,-195000.0
Housing,2024,3,-89150.0
Transportation,2024,3,-94150.0
All savings,2024,3,-21091000.0
Gifts,2024,3,-142500.0
Phone,2024,3,-24960.0
Internet,2024,3,-35000.0
Split,2024,3,-140440.0
Reimbursements,2024,3,-472640.0
Uncategorized,2024,4,118448260.0
Internet,2024,4,-81480.0
Online Subscriptions,2024,4,-6620.0
Housing,2024,4,441410.0
Investment,2024,4,-49000.0
Vacation,2024,4,-1114690.0
Household Furnishing,2024,4,-663810.0
Reimbursements,2024,4,-62230.0
Coffee,2024,4,-116250.0
Inflow: Ready to Assign,2024,4,76004410.0
Meal Service,2024,4,-405140.0
Dates,2024,4,-198040.0
Groceries,2024,4,-86050.0
Primary Care,2024,4,-42000.0
Drugs and Medication,2024,4,-412440.0
Leisure,2024,4,-19650.0
Mortgage Interest,2024,4,-3306150.0
Mortgage Principal,2024,4,-15376590.0
Tolls,2024,4,-9200.0
Eating Out,2024,4,-140270.0
Split,2024,4,11500000.0
Physical Therapy,2024,4,-125110.0
Electricity,2024,4,-53150.0
Productivity,2024,4,-42060.0
Meal Reimbursements,2024,4,-272880.0
Insurance,2024,4,-88230.0
Household Goods,2024,4,-76420.0
All savings,2024,4,-18025070.0
Taxes,2024,4,-55381000.0
Psychiatry and Therapy,2024,4,-150000.0
Phone,2024,4,-24960.0
Gifts,2024,4,-31590.0
Parking,2024,4,-9990.0
Uncategorized,2024,5,37691280.0
Psychiatry and Therapy,2024,5,-1430000.0
Productivity,2024,5,-232270.0
Online Subscriptions,2024,5,-6620.0
Leisure,2024,5,-28460.0
Coffee,2024,5,-185800.0
Meal Service,2024,5,-578730.0
Internet,2024,5,-35000.0
Transportation,2024,5,-41960.0
Primary Care,2024,5,-63000.0
Household Goods,2024,5,-83400.0
Inflow: Ready to Assign,2024,5,16156990.0
Gifts,2024,5,-505070.0
Investment,2024,5,-84740.0
Household Furnishing,2024,5,-663190.0
Eating Out,2024,5,-276140.0
Groceries,2024,5,-174400.0
All savings,2024,5,-27278150.0
Mortgage Interest,2024,5,-3271990.0
Mortgage Principal,2024,5,-10410750.0
Drugs and Medication,2024,5,-68780.0
Tolls,2024,5,-11700.0
Physical Therapy,2024,5,-125110.0
Reimbursements,2024,5,684550.0
Cosmetics,2024,5,-475820.0
Parking,2024,5,-4650.0
Insurance,2024,5,-72930.0
Dates,2024,5,-356340.0
Housing,2024,5,-858590.0
Phone,2024,5,-24960.0
Electricity,2024,5,-18450.0
Uncategorized,2024,6,10002980.0
Online Subscriptions,2024,6,-6620.0
Inflow: Ready to Assign,2024,6,16235760.0
Transportation,2024,6,-64690.0
Internet,2024,6,-35000.0
Groceries,2024,6,-117660.0
Drugs and Medication,2024,6,-37800.0
Coffee,2024,6,-222670.0
Household Goods,2024,6,-22590.0
Eating Out,2024,6,-181570.0
Household Furnishing,2024,6,-126640.0
Leisure,2024,6,-27980.0
Meal Reimbursements,2024,6,0.0
Investment,2024,6,-52580.0
Gifts,2024,6,-12120.0
Tolls,2024,6,-1200.0
Meal Service,2024,6,-536920.0
Dates,2024,6,-106340.0
Productivity,2024,6,-146460.0
Insurance,2024,6,-73030.0
Primary Care,2024,6,-42000.0
Housing,2024,6,-858590.0
Psychiatry and Therapy,2024,6,-490000.0
Phone,2024,6,-24960.0
Electricity,2024,6,-20050.0
Mortgage Principal,2024,6,-10000000.0
Mortgage Interest,2024,6,0.0
Parking,2024,6,-8000.0
Uncategorized,2024,7,9988870.0
Dates,2024,7,-99880.0
Coffee,2024,7,-174340.0
Online Subscriptions,2024,7,-6620.0
Eating Out,2024,7,-80260.0
Inflow: Ready to Assign,2024,7,2840.0
Internet,2024,7,-35000.0
Investment,2024,7,-97590.0
Groceries,2024,7,-162700.0
Optometry and Vision,2024,7,-237640.0
Meal Service,2024,7,-350200.0
Leisure,2024,7,-114190.0
Transportation,2024,7,-44060.0
Tolls,2024,7,-10200.0
Mortgage Interest,2024,7,0.0
Mortgage Principal,2024,7,-10000000.0
Cosmetic Care,2024,7,-421280.0
Gifts,2024,7,-138850.0
Drugs and Medication,2024,7,-32050.0
Psychiatry and Therapy,2024,7,-395000.0
Productivity,2024,7,-185040.0
Primary Care,2024,7,-21000.0
Insurance,2024,7,-77910.0
Housing,2024,7,-858590.0
Household Goods,2024,7,-13790.0
Phone,2024,7,-24960.0
